-- MySQL dump 10.13  Distrib 8.0.29, for Win64 (x86_64)
--
-- Host: localhost    Database: db_faculdade
-- ------------------------------------------------------
-- Server version	8.0.29

/*!40101 SET @OLD_CHARACTER_SET_CLIENT=@@CHARACTER_SET_CLIENT */;
/*!40101 SET @OLD_CHARACTER_SET_RESULTS=@@CHARACTER_SET_RESULTS */;
/*!40101 SET @OLD_COLLATION_CONNECTION=@@COLLATION_CONNECTION */;
/*!50503 SET NAMES utf8mb4 */;
/*!40103 SET @OLD_TIME_ZONE=@@TIME_ZONE */;
/*!40103 SET TIME_ZONE='+00:00' */;
/*!40014 SET @OLD_UNIQUE_CHECKS=@@UNIQUE_CHECKS, UNIQUE_CHECKS=0 */;
/*!40014 SET @OLD_FOREIGN_KEY_CHECKS=@@FOREIGN_KEY_CHECKS, FOREIGN_KEY_CHECKS=0 */;
/*!40101 SET @OLD_SQL_MODE=@@SQL_MODE, SQL_MODE='NO_AUTO_VALUE_ON_ZERO' */;
/*!40111 SET @OLD_SQL_NOTES=@@SQL_NOTES, SQL_NOTES=0 */;

--
-- Table structure for table `aluno`
--

DROP TABLE IF EXISTS `aluno`;
/*!40101 SET @saved_cs_client     = @@character_set_client */;
/*!50503 SET character_set_client = utf8mb4 */;
CREATE TABLE `aluno` (
  `RA` int NOT NULL AUTO_INCREMENT,
  `nome_aluno` char(20) DEFAULT NULL,
  `sobrenome_aluno` char(20) DEFAULT NULL,
  `CPF` char(11) DEFAULT NULL,
  `status` tinyint(1) DEFAULT NULL,
  `sexo` char(1) DEFAULT NULL,
  `nome_pai` char(50) DEFAULT NULL,
  `nome_mae` char(50) DEFAULT NULL,
  `email` char(50) DEFAULT NULL,
  `whatsapp` char(20) DEFAULT NULL,
  `fk_cod_curso` int DEFAULT NULL,
  `fk_cod_turma` int DEFAULT NULL,
  `fk_cod_endereco` int DEFAULT NULL,
  PRIMARY KEY (`RA`),
  KEY `fk_cod_curso` (`fk_cod_curso`),
  KEY `fk_cod_turma` (`fk_cod_turma`),
  KEY `fk_cod_endereco` (`fk_cod_endereco`),
  CONSTRAINT `aluno_ibfk_1` FOREIGN KEY (`fk_cod_curso`) REFERENCES `curso` (`cod_curso`),
  CONSTRAINT `aluno_ibfk_2` FOREIGN KEY (`fk_cod_turma`) REFERENCES `turma` (`cod_turma`),
  CONSTRAINT `aluno_ibfk_3` FOREIGN KEY (`fk_cod_endereco`) REFERENCES `endereco` (`cod_endereco`)
) ENGINE=InnoDB AUTO_INCREMENT=81 DEFAULT CHARSET=utf8mb4 COLLATE=utf8mb4_0900_ai_ci;
/*!40101 SET character_set_client = @saved_cs_client */;

--
-- Dumping data for table `aluno`
--

LOCK TABLES `aluno` WRITE;
/*!40000 ALTER TABLE `aluno` DISABLE KEYS */;
/*!40000 ALTER TABLE `aluno` ENABLE KEYS */;
UNLOCK TABLES;

--
-- Table structure for table `aluno_disciplina`
--

DROP TABLE IF EXISTS `aluno_disciplina`;
/*!40101 SET @saved_cs_client     = @@character_set_client */;
/*!50503 SET character_set_client = utf8mb4 */;
CREATE TABLE `aluno_disciplina` (
  `fk_RA` int NOT NULL AUTO_INCREMENT,
  `fk_cod_disciplina` int DEFAULT NULL,
  PRIMARY KEY (`fk_RA`),
  KEY `fk_cod_disciplina` (`fk_cod_disciplina`),
  CONSTRAINT `aluno_disciplina_ibfk_1` FOREIGN KEY (`fk_RA`) REFERENCES `aluno` (`RA`),
  CONSTRAINT `aluno_disciplina_ibfk_2` FOREIGN KEY (`fk_cod_disciplina`) REFERENCES `disciplina` (`cod_disciplina`)
) ENGINE=InnoDB DEFAULT CHARSET=utf8mb4 COLLATE=utf8mb4_0900_ai_ci;
/*!40101 SET character_set_client = @saved_cs_client */;

--
-- Dumping data for table `aluno_disciplina`
--

LOCK TABLES `aluno_disciplina` WRITE;
/*!40000 ALTER TABLE `aluno_disciplina` DISABLE KEYS */;
/*!40000 ALTER TABLE `aluno_disciplina` ENABLE KEYS */;
UNLOCK TABLES;

--
-- Table structure for table `curso`
--

DROP TABLE IF EXISTS `curso`;
/*!40101 SET @saved_cs_client     = @@character_set_client */;
/*!50503 SET character_set_client = utf8mb4 */;
CREATE TABLE `curso` (
  `cod_curso` int NOT NULL AUTO_INCREMENT,
  `nome_curso` char(25) DEFAULT NULL,
  `fk_cod_departamento` int DEFAULT NULL,
  PRIMARY KEY (`cod_curso`),
  KEY `fk_cod_departamento` (`fk_cod_departamento`),
  CONSTRAINT `curso_ibfk_1` FOREIGN KEY (`fk_cod_departamento`) REFERENCES `departamento` (`cod_departamento`)
) ENGINE=InnoDB AUTO_INCREMENT=61 DEFAULT CHARSET=utf8mb4 COLLATE=utf8mb4_0900_ai_ci;
/*!40101 SET character_set_client = @saved_cs_client */;

--
-- Dumping data for table `curso`
--

LOCK TABLES `curso` WRITE;
/*!40000 ALTER TABLE `curso` DISABLE KEYS */;
INSERT INTO `curso` VALUES (51,'Engenharia de software',10),(52,'- Analise de sistemas',9),(53,'Biologia',8),(54,'Historia',6),(55,'Matematica',7),(56,'Engenharia Eletrica',9),(57,'Programação em C',10),(58,'Tecnologia Informação',10),(59,'Portugues',6),(60,'Pscologia',6);
/*!40000 ALTER TABLE `curso` ENABLE KEYS */;
UNLOCK TABLES;

--
-- Table structure for table `curso_disciplina`
--

DROP TABLE IF EXISTS `curso_disciplina`;
/*!40101 SET @saved_cs_client     = @@character_set_client */;
/*!50503 SET character_set_client = utf8mb4 */;
CREATE TABLE `curso_disciplina` (
  `fk_cod_curso` int NOT NULL AUTO_INCREMENT,
  `fk_cod_disciplina` int DEFAULT NULL,
  PRIMARY KEY (`fk_cod_curso`),
  KEY `fk_cod_disciplina` (`fk_cod_disciplina`),
  CONSTRAINT `curso_disciplina_ibfk_1` FOREIGN KEY (`fk_cod_curso`) REFERENCES `curso` (`cod_curso`),
  CONSTRAINT `curso_disciplina_ibfk_2` FOREIGN KEY (`fk_cod_disciplina`) REFERENCES `disciplina` (`cod_disciplina`)
) ENGINE=InnoDB DEFAULT CHARSET=utf8mb4 COLLATE=utf8mb4_0900_ai_ci;
/*!40101 SET character_set_client = @saved_cs_client */;

--
-- Dumping data for table `curso_disciplina`
--

LOCK TABLES `curso_disciplina` WRITE;
/*!40000 ALTER TABLE `curso_disciplina` DISABLE KEYS */;
/*!40000 ALTER TABLE `curso_disciplina` ENABLE KEYS */;
UNLOCK TABLES;

--
-- Table structure for table `departamento`
--

DROP TABLE IF EXISTS `departamento`;
/*!40101 SET @saved_cs_client     = @@character_set_client */;
/*!50503 SET character_set_client = utf8mb4 */;
CREATE TABLE `departamento` (
  `cod_departamento` int NOT NULL AUTO_INCREMENT,
  `nome_departamento` char(20) NOT NULL,
  PRIMARY KEY (`cod_departamento`)
) ENGINE=InnoDB AUTO_INCREMENT=11 DEFAULT CHARSET=utf8mb4 COLLATE=utf8mb4_0900_ai_ci;
/*!40101 SET character_set_client = @saved_cs_client */;

--
-- Dumping data for table `departamento`
--

LOCK TABLES `departamento` WRITE;
/*!40000 ALTER TABLE `departamento` DISABLE KEYS */;
INSERT INTO `departamento` VALUES (6,'Ciencias Humanas'),(7,'Matematica'),(8,'Biologia'),(9,'Estagio'),(10,'Tecnologia da Infor');
/*!40000 ALTER TABLE `departamento` ENABLE KEYS */;
UNLOCK TABLES;

--
-- Table structure for table `disciplina`
--

DROP TABLE IF EXISTS `disciplina`;
/*!40101 SET @saved_cs_client     = @@character_set_client */;
/*!50503 SET character_set_client = utf8mb4 */;
CREATE TABLE `disciplina` (
  `cod_disciplina` int NOT NULL AUTO_INCREMENT,
  `nome_disciplina` char(25) DEFAULT NULL,
  `carga_horaria` int NOT NULL,
  `descricao` char(50) DEFAULT NULL,
  `num_alunos` int NOT NULL,
  `fk_cod_departamento` int NOT NULL,
  PRIMARY KEY (`cod_disciplina`),
  KEY `fk_cod_departamento` (`fk_cod_departamento`),
  CONSTRAINT `disciplina_ibfk_1` FOREIGN KEY (`fk_cod_departamento`) REFERENCES `departamento` (`cod_departamento`)
) ENGINE=InnoDB AUTO_INCREMENT=53 DEFAULT CHARSET=utf8mb4 COLLATE=utf8mb4_0900_ai_ci;
/*!40101 SET character_set_client = @saved_cs_client */;

--
-- Dumping data for table `disciplina`
--

LOCK TABLES `disciplina` WRITE;
/*!40000 ALTER TABLE `disciplina` DISABLE KEYS */;
INSERT INTO `disciplina` VALUES (27,'Raciocinio logico',200,'Apenas Interessados',2,7),(28,'departamento matematica',400,'Apenas Interessados',4,7),(29,'Pscicologia cognitiva',600,'Apenas Interessados',6,6),(30,'ciencias humanas',800,'Apenas Interessados',8,6),(31,'Eletronica digital',1000,'Apenas Interessados',10,10),(32,'matematica',1200,'Apenas Interessados',12,7),(33,'Programação em C',1400,'Apenas Interessados',14,10),(34,'Tecnologia Informação',1600,'Apenas Interessados',16,10),(35,'Portugues',1800,'Apenas Interessados',18,6),(36,'Ingles',2000,'Apenas Interessados',20,6),(37,'Espanhol',2200,'Apenas Interessados',22,6),(38,'Frances',2400,'Apenas Interessados',24,6),(39,'Geografia',2600,'Apenas Interessados',26,6),(40,'Quimica',2800,'Apenas Interessados',28,7),(41,'Fisica',2900,'Apenas Interessados',29,7),(42,'Astrologia',3000,'Apenas Interessados',30,9),(43,'Artes',3200,'Apenas Interessados',32,6),(44,'Judo',3400,'Apenas Interessados',34,9),(45,'Engenharia',3600,'Apenas Interessados',36,7),(46,'Fisioterapia',3800,'Apenas Interessados',38,6),(47,'Medicina',4000,'Apenas Interessados',40,6),(48,'Economia',4200,'Apenas Interessados',42,7),(49,'Contabeis',4400,'Apenas Interessados',44,7),(50,'Enfermagem',4600,'Apenas Interessados',46,9),(51,'Pilotagem',4800,'Apenas Interessados',48,9),(52,'Koreano',5000,'Apenas Interessados',50,9);
/*!40000 ALTER TABLE `disciplina` ENABLE KEYS */;
UNLOCK TABLES;

--
-- Table structure for table `disciplina_historico`
--

DROP TABLE IF EXISTS `disciplina_historico`;
/*!40101 SET @saved_cs_client     = @@character_set_client */;
/*!50503 SET character_set_client = utf8mb4 */;
CREATE TABLE `disciplina_historico` (
  `fk_cod_historico` int NOT NULL AUTO_INCREMENT,
  `fk_cod_disciplina` int NOT NULL,
  `nota` float(4,2) DEFAULT NULL,
  `frequencia` int DEFAULT NULL,
  PRIMARY KEY (`fk_cod_historico`),
  KEY `fk_cod_disciplina` (`fk_cod_disciplina`),
  CONSTRAINT `disciplina_historico_ibfk_1` FOREIGN KEY (`fk_cod_historico`) REFERENCES `historico` (`cod_historico`),
  CONSTRAINT `disciplina_historico_ibfk_2` FOREIGN KEY (`fk_cod_disciplina`) REFERENCES `disciplina` (`cod_disciplina`)
) ENGINE=InnoDB DEFAULT CHARSET=utf8mb4 COLLATE=utf8mb4_0900_ai_ci;
/*!40101 SET character_set_client = @saved_cs_client */;

--
-- Dumping data for table `disciplina_historico`
--

LOCK TABLES `disciplina_historico` WRITE;
/*!40000 ALTER TABLE `disciplina_historico` DISABLE KEYS */;
/*!40000 ALTER TABLE `disciplina_historico` ENABLE KEYS */;
UNLOCK TABLES;

--
-- Table structure for table `endereco`
--

DROP TABLE IF EXISTS `endereco`;
/*!40101 SET @saved_cs_client     = @@character_set_client */;
/*!50503 SET character_set_client = utf8mb4 */;
CREATE TABLE `endereco` (
  `cod_endereco` int NOT NULL AUTO_INCREMENT,
  `nome_rua` char(50) NOT NULL,
  `numero_rua` int NOT NULL,
  `complemento` char(20) DEFAULT NULL,
  `CEP` char(8) NOT NULL,
  `fk_cod_tipo_logradouro` int NOT NULL,
  PRIMARY KEY (`cod_endereco`),
  KEY `fk_cod_tipo_logradouro` (`fk_cod_tipo_logradouro`),
  CONSTRAINT `endereco_ibfk_1` FOREIGN KEY (`fk_cod_tipo_logradouro`) REFERENCES `tipo_logradouro` (`cod_tipo_logradouro`)
) ENGINE=InnoDB DEFAULT CHARSET=utf8mb4 COLLATE=utf8mb4_0900_ai_ci;
/*!40101 SET character_set_client = @saved_cs_client */;

--
-- Dumping data for table `endereco`
--

LOCK TABLES `endereco` WRITE;
/*!40000 ALTER TABLE `endereco` DISABLE KEYS */;
/*!40000 ALTER TABLE `endereco` ENABLE KEYS */;
UNLOCK TABLES;

--
-- Table structure for table `historico`
--

DROP TABLE IF EXISTS `historico`;
/*!40101 SET @saved_cs_client     = @@character_set_client */;
/*!50503 SET character_set_client = utf8mb4 */;
CREATE TABLE `historico` (
  `cod_historico` int NOT NULL AUTO_INCREMENT,
  `dt_inicio` date DEFAULT NULL,
  `dt_fim` date DEFAULT NULL,
  `fk_RA` int NOT NULL,
  PRIMARY KEY (`cod_historico`),
  KEY `fk_RA` (`fk_RA`),
  CONSTRAINT `historico_ibfk_1` FOREIGN KEY (`fk_RA`) REFERENCES `aluno` (`RA`)
) ENGINE=InnoDB DEFAULT CHARSET=utf8mb4 COLLATE=utf8mb4_0900_ai_ci;
/*!40101 SET character_set_client = @saved_cs_client */;

--
-- Dumping data for table `historico`
--

LOCK TABLES `historico` WRITE;
/*!40000 ALTER TABLE `historico` DISABLE KEYS */;
/*!40000 ALTER TABLE `historico` ENABLE KEYS */;
UNLOCK TABLES;

--
-- Table structure for table `professor`
--

DROP TABLE IF EXISTS `professor`;
/*!40101 SET @saved_cs_client     = @@character_set_client */;
/*!50503 SET character_set_client = utf8mb4 */;
CREATE TABLE `professor` (
  `cod_professor` int NOT NULL AUTO_INCREMENT,
  `nome_professor` char(20) NOT NULL,
  `sobrenome_professor` char(50) NOT NULL,
  `status` tinyint(1) DEFAULT NULL,
  `fk_cod_departamento` int DEFAULT NULL,
  PRIMARY KEY (`cod_professor`),
  KEY `fk_cod_departamento` (`fk_cod_departamento`),
  CONSTRAINT `professor_ibfk_1` FOREIGN KEY (`fk_cod_departamento`) REFERENCES `departamento` (`cod_departamento`)
) ENGINE=InnoDB AUTO_INCREMENT=21 DEFAULT CHARSET=utf8mb4 COLLATE=utf8mb4_0900_ai_ci;
/*!40101 SET character_set_client = @saved_cs_client */;

--
-- Dumping data for table `professor`
--

LOCK TABLES `professor` WRITE;
/*!40000 ALTER TABLE `professor` DISABLE KEYS */;
INSERT INTO `professor` VALUES (11,'Luciano','Junior',1,8),(12,'Daniel','Costa',1,6),(13,'Luan','Bandeira',0,7),(14,'Cesar','Lima',0,8),(15,'Atelene','Lins',1,6),(16,'Julio','Alves',1,NULL),(17,'Kaio','Lopes',0,NULL),(18,'Helder','Sousa',0,NULL),(19,'Matson','Fernandes',1,9),(20,'Fernanda','Amorim',1,10);
/*!40000 ALTER TABLE `professor` ENABLE KEYS */;
UNLOCK TABLES;

--
-- Table structure for table `professor_disciplina`
--

DROP TABLE IF EXISTS `professor_disciplina`;
/*!40101 SET @saved_cs_client     = @@character_set_client */;
/*!50503 SET character_set_client = utf8mb4 */;
CREATE TABLE `professor_disciplina` (
  `fk_cod_professor` int NOT NULL AUTO_INCREMENT,
  `fk_cod_disciplina` int NOT NULL,
  PRIMARY KEY (`fk_cod_professor`),
  KEY `fk_cod_disciplina` (`fk_cod_disciplina`),
  CONSTRAINT `professor_disciplina_ibfk_1` FOREIGN KEY (`fk_cod_professor`) REFERENCES `professor` (`cod_professor`),
  CONSTRAINT `professor_disciplina_ibfk_2` FOREIGN KEY (`fk_cod_disciplina`) REFERENCES `disciplina` (`cod_disciplina`)
) ENGINE=InnoDB DEFAULT CHARSET=utf8mb4 COLLATE=utf8mb4_0900_ai_ci;
/*!40101 SET character_set_client = @saved_cs_client */;

--
-- Dumping data for table `professor_disciplina`
--

LOCK TABLES `professor_disciplina` WRITE;
/*!40000 ALTER TABLE `professor_disciplina` DISABLE KEYS */;
/*!40000 ALTER TABLE `professor_disciplina` ENABLE KEYS */;
UNLOCK TABLES;

--
-- Table structure for table `telefone`
--

DROP TABLE IF EXISTS `telefone`;
/*!40101 SET @saved_cs_client     = @@character_set_client */;
/*!50503 SET character_set_client = utf8mb4 */;
CREATE TABLE `telefone` (
  `cod_telefone` int NOT NULL AUTO_INCREMENT,
  `num_telefone` char(20) DEFAULT NULL,
  `fk_cod_tipo` int DEFAULT NULL,
  PRIMARY KEY (`cod_telefone`),
  KEY `fk_cod_tipo` (`fk_cod_tipo`),
  CONSTRAINT `telefone_ibfk_1` FOREIGN KEY (`fk_cod_tipo`) REFERENCES `tipo_telefone` (`cod_tipo`)
) ENGINE=InnoDB DEFAULT CHARSET=utf8mb4 COLLATE=utf8mb4_0900_ai_ci;
/*!40101 SET character_set_client = @saved_cs_client */;

--
-- Dumping data for table `telefone`
--

LOCK TABLES `telefone` WRITE;
/*!40000 ALTER TABLE `telefone` DISABLE KEYS */;
/*!40000 ALTER TABLE `telefone` ENABLE KEYS */;
UNLOCK TABLES;

--
-- Table structure for table `telefone_aluno`
--

DROP TABLE IF EXISTS `telefone_aluno`;
/*!40101 SET @saved_cs_client     = @@character_set_client */;
/*!50503 SET character_set_client = utf8mb4 */;
CREATE TABLE `telefone_aluno` (
  `cod_tel_aluno` int NOT NULL AUTO_INCREMENT,
  `fk_RA` int NOT NULL,
  `fk_cod_telefone` int NOT NULL,
  PRIMARY KEY (`cod_tel_aluno`),
  KEY `fk_RA` (`fk_RA`),
  KEY `fk_cod_telefone` (`fk_cod_telefone`),
  CONSTRAINT `telefone_aluno_ibfk_1` FOREIGN KEY (`fk_RA`) REFERENCES `aluno` (`RA`),
  CONSTRAINT `telefone_aluno_ibfk_2` FOREIGN KEY (`fk_cod_telefone`) REFERENCES `telefone` (`cod_telefone`)
) ENGINE=InnoDB DEFAULT CHARSET=utf8mb4 COLLATE=utf8mb4_0900_ai_ci;
/*!40101 SET character_set_client = @saved_cs_client */;

--
-- Dumping data for table `telefone_aluno`
--

LOCK TABLES `telefone_aluno` WRITE;
/*!40000 ALTER TABLE `telefone_aluno` DISABLE KEYS */;
/*!40000 ALTER TABLE `telefone_aluno` ENABLE KEYS */;
UNLOCK TABLES;

--
-- Table structure for table `tipo_logradouro`
--

DROP TABLE IF EXISTS `tipo_logradouro`;
/*!40101 SET @saved_cs_client     = @@character_set_client */;
/*!50503 SET character_set_client = utf8mb4 */;
CREATE TABLE `tipo_logradouro` (
  `cod_tipo_logradouro` int NOT NULL AUTO_INCREMENT,
  `tipo_logradouro` char(11) DEFAULT NULL,
  PRIMARY KEY (`cod_tipo_logradouro`)
) ENGINE=InnoDB DEFAULT CHARSET=utf8mb4 COLLATE=utf8mb4_0900_ai_ci;
/*!40101 SET character_set_client = @saved_cs_client */;

--
-- Dumping data for table `tipo_logradouro`
--

LOCK TABLES `tipo_logradouro` WRITE;
/*!40000 ALTER TABLE `tipo_logradouro` DISABLE KEYS */;
/*!40000 ALTER TABLE `tipo_logradouro` ENABLE KEYS */;
UNLOCK TABLES;

--
-- Table structure for table `tipo_telefone`
--

DROP TABLE IF EXISTS `tipo_telefone`;
/*!40101 SET @saved_cs_client     = @@character_set_client */;
/*!50503 SET character_set_client = utf8mb4 */;
CREATE TABLE `tipo_telefone` (
  `cod_tipo` int NOT NULL AUTO_INCREMENT,
  `tipo_telefone` char(8) DEFAULT NULL,
  PRIMARY KEY (`cod_tipo`)
) ENGINE=InnoDB DEFAULT CHARSET=utf8mb4 COLLATE=utf8mb4_0900_ai_ci;
/*!40101 SET character_set_client = @saved_cs_client */;

--
-- Dumping data for table `tipo_telefone`
--

LOCK TABLES `tipo_telefone` WRITE;
/*!40000 ALTER TABLE `tipo_telefone` DISABLE KEYS */;
/*!40000 ALTER TABLE `tipo_telefone` ENABLE KEYS */;
UNLOCK TABLES;

--
-- Table structure for table `turma`
--

DROP TABLE IF EXISTS `turma`;
/*!40101 SET @saved_cs_client     = @@character_set_client */;
/*!50503 SET character_set_client = utf8mb4 */;
CREATE TABLE `turma` (
  `cod_turma` int NOT NULL AUTO_INCREMENT,
  `periodo` char(8) DEFAULT NULL,
  `num_alunos` int DEFAULT NULL,
  `dt_inicio` date DEFAULT NULL,
  `dt_fim` date DEFAULT NULL,
  `fk_cod_curso` int DEFAULT NULL,
  PRIMARY KEY (`cod_turma`),
  KEY `fk_cod_curso` (`fk_cod_curso`),
  CONSTRAINT `turma_ibfk_1` FOREIGN KEY (`fk_cod_curso`) REFERENCES `curso` (`cod_curso`)
) ENGINE=InnoDB AUTO_INCREMENT=33 DEFAULT CHARSET=utf8mb4 COLLATE=utf8mb4_0900_ai_ci;
/*!40101 SET character_set_client = @saved_cs_client */;

--
-- Dumping data for table `turma`
--

LOCK TABLES `turma` WRITE;
/*!40000 ALTER TABLE `turma` DISABLE KEYS */;
INSERT INTO `turma` VALUES (25,'Manha',2,'2022-02-01','2022-03-02',51),(26,'Tarde',4,'2022-03-02','2022-04-03',52),(27,'Noite',6,'2022-04-03','2022-05-04',53),(28,'Manha',8,'2022-05-04','2022-06-05',54),(29,'Tarde',10,'2022-06-05','2022-07-06',55),(30,'Noite',12,'2022-07-06','2022-08-07',56),(31,'Manha',14,'2022-07-08','2022-09-08',57),(32,'Tarde',16,'2022-08-09','2022-10-09',58);
/*!40000 ALTER TABLE `turma` ENABLE KEYS */;
UNLOCK TABLES;
/*!40103 SET TIME_ZONE=@OLD_TIME_ZONE */;

/*!40101 SET SQL_MODE=@OLD_SQL_MODE */;
/*!40014 SET FOREIGN_KEY_CHECKS=@OLD_FOREIGN_KEY_CHECKS */;
/*!40014 SET UNIQUE_CHECKS=@OLD_UNIQUE_CHECKS */;
/*!40101 SET CHARACTER_SET_CLIENT=@OLD_CHARACTER_SET_CLIENT */;
/*!40101 SET CHARACTER_SET_RESULTS=@OLD_CHARACTER_SET_RESULTS */;
/*!40101 SET COLLATION_CONNECTION=@OLD_COLLATION_CONNECTION */;
/*!40111 SET SQL_NOTES=@OLD_SQL_NOTES */;

-- Dump completed on 2022-06-09 14:46:34
